Roll No,Attendance,Date,Time
20AD001,P,21/9/2021,8:30:21
20AD002,P,21/9/2021,8:30:21
20AD003,P,21/9/2021,8:30:21
20AD004,P,21/9/2021,8:30:21
20AD005,P,21/9/2021,8:30:21
20AD006,P,21/9/2021,8:30:21
20AD007,P,21/9/2021,8:30:21
20AD008,P,21/9/2021,8:30:21
20AD009,P,21/9/2021,8:30:21
20AD010,P,21/9/2021,8:30:21
20AD011,P,21/9/2021,8:30:21
20AD012,P,21/9/2021,8:30:21
20AD013,P,21/9/2021,8:30:21
20AD014,P,21/9/2021,8:30:21
20AD015,P,21/9/2021,8:30:21
20AD016,P,21/9/2021,8:30:21
20AD017,P,21/9/2021,8:30:21
20AD018,P,21/9/2021,8:30:21
20AD019,P,21/9/2021,8:30:21
20AD020,P,21/9/2021,8:30:21
20AD021,P,21/9/2021,8:30:21
20AD022,P,21/9/2021,8:30:21
20AD023,P,21/9/2021,8:30:21
20AD024,P,21/9/2021,8:30:21
20AD025,P,21/9/2021,8:30:21
20AD026,P,21/9/2021,8:30:21
20AD027,P,21/9/2021,8:30:21
20AD028,P,21/9/2021,8:30:21
20AD029,P,21/9/2021,8:30:21
20AD030,A,21/9/2021,8:30:21
20AD031,P,21/9/2021,8:30:21
20AD032,P,21/9/2021,8:30:21
20AD033,P,21/9/2021,8:30:21
20AD034,P,21/9/2021,8:30:21
20AD035,P,21/9/2021,8:30:21
20AD036,P,21/9/2021,8:30:21
20AD037,P,21/9/2021,8:30:21
20AD038,P,21/9/2021,8:30:21
20AD039,P,21/9/2021,8:30:21
20AD040,P,21/9/2021,8:30:21
20AD041,P,21/9/2021,8:30:21
20AD042,P,21/9/2021,8:30:21
20AD043,P,21/9/2021,8:30:21
20AD044,P,21/9/2021,8:30:21
20AD045,P,21/9/2021,8:30:21
20AD046,P,21/9/2021,8:30:21
20AD047,P,21/9/2021,8:30:21
20AD048,P,21/9/2021,8:30:21
20AD049,P,21/9/2021,8:30:21
20AD050,P,21/9/2021,8:30:21
20AD051,P,21/9/2021,8:30:21
20AD052,P,21/9/2021,8:30:21
20AD053,P,21/9/2021,8:30:21
20AD054,P,21/9/2021,8:30:21
20AD055,P,21/9/2021,8:30:21
20AD056,P,21/9/2021,8:30:21
20AD057,P,21/9/2021,8:30:21
20AD058,P,21/9/2021,8:30:21
20AD059,P,21/9/2021,8:30:21
20AD060,P,21/9/2021,8:30:21
20AD061,P,21/9/2021,8:30:21
20AD062,P,21/9/2021,8:30:21
20AD063,P,21/9/2021,8:30:21
20AD064,P,21/9/2021,8:30:21
20AD065,A,21/9/2021,8:30:21
20AD001,P,22/9/2021,8:30:21
20AD002,P,22/9/2021,8:30:21
20AD003,P,22/9/2021,8:30:21
20AD004,P,22/9/2021,8:30:21
20AD005,P,22/9/2021,8:30:21
20AD006,P,22/9/2021,8:30:21
20AD007,P,22/9/2021,8:30:21
20AD008,P,22/9/2021,8:30:21
20AD009,P,22/9/2021,8:30:21
20AD010,P,22/9/2021,8:30:21
20AD011,P,22/9/2021,8:30:21
20AD012,P,22/9/2021,8:30:21
20AD013,P,22/9/2021,8:30:21
20AD014,P,22/9/2021,8:30:21
20AD015,P,22/9/2021,8:30:21
20AD016,P,22/9/2021,8:30:21
20AD017,P,22/9/2021,8:30:21
20AD018,P,22/9/2021,8:30:21
20AD019,P,22/9/2021,8:30:21
20AD020,P,22/9/2021,8:30:21
20AD021,P,22/9/2021,8:30:21
20AD022,P,22/9/2021,8:30:21
20AD023,P,22/9/2021,8:30:21
20AD024,P,22/9/2021,8:30:21
20AD025,P,22/9/2021,8:30:21
20AD026,P,22/9/2021,8:30:21
20AD027,P,22/9/2021,8:30:21
20AD028,P,22/9/2021,8:30:21
20AD029,P,22/9/2021,8:30:21
20AD030,P,22/9/2021,8:30:21
20AD031,P,22/9/2021,8:30:21
20AD032,P,22/9/2021,8:30:21
20AD033,P,22/9/2021,8:30:21
20AD034,P,22/9/2021,8:30:21
20AD035,A,22/9/2021,8:30:21
20AD036,P,22/9/2021,8:30:21
20AD037,P,22/9/2021,8:30:21
20AD038,P,22/9/2021,8:30:21
20AD039,P,22/9/2021,8:30:21
20AD040,P,22/9/2021,8:30:21
20AD041,P,22/9/2021,8:30:21
20AD042,P,22/9/2021,8:30:21
20AD043,P,22/9/2021,8:30:21
20AD044,P,22/9/2021,8:30:21
20AD045,P,22/9/2021,8:30:21
20AD046,P,22/9/2021,8:30:21
20AD047,P,22/9/2021,8:30:21
20AD048,P,22/9/2021,8:30:21
20AD049,P,22/9/2021,8:30:21
20AD050,P,22/9/2021,8:30:21
20AD051,P,22/9/2021,8:30:21
20AD052,P,22/9/2021,8:30:21
20AD053,P,22/9/2021,8:30:21
20AD054,P,22/9/2021,8:30:21
20AD055,P,22/9/2021,8:30:21
20AD056,P,22/9/2021,8:30:21
20AD057,P,22/9/2021,8:30:21
20AD058,P,22/9/2021,8:30:21
20AD059,P,22/9/2021,8:30:21
20AD060,P,22/9/2021,8:30:21
20AD061,P,22/9/2021,8:30:21
20AD062,P,22/9/2021,8:30:21
20AD063,P,22/9/2021,8:30:21
20AD064,P,22/9/2021,8:30:21
20AD065,P,22/9/2021,8:30:21
20AD001,P,23/09/2021,8:30:21
20AD002,P,23/09/2021,8:30:21
20AD003,P,23/09/2021,8:30:21
20AD004,P,23/09/2021,8:30:21
20AD005,P,23/09/2021,8:30:21
20AD006,P,23/09/2021,8:30:21
20AD007,P,23/09/2021,8:30:21
20AD008,P,23/09/2021,8:30:21
20AD009,P,23/09/2021,8:30:21
20AD010,P,23/09/2021,8:30:21
20AD011,P,23/09/2021,8:30:21
20AD012,P,23/09/2021,8:30:21
20AD013,A,23/09/2021,8:30:21
20AD014,P,23/09/2021,8:30:21
20AD015,P,23/09/2021,8:30:21
20AD016,P,23/09/2021,8:30:21
20AD017,P,23/09/2021,8:30:21
20AD018,P,23/09/2021,8:30:21
20AD019,P,23/09/2021,8:30:21
20AD020,P,23/09/2021,8:30:21
20AD021,P,23/09/2021,8:30:21
20AD022,P,23/09/2021,8:30:21
20AD023,P,23/09/2021,8:30:21
20AD024,P,23/09/2021,8:30:21
20AD025,P,23/09/2021,8:30:21
20AD026,P,23/09/2021,8:30:21
20AD027,P,23/09/2021,8:30:21
20AD028,P,23/09/2021,8:30:21
20AD029,P,23/09/2021,8:30:21
20AD030,P,23/09/2021,8:30:21
20AD031,P,23/09/2021,8:30:21
20AD032,P,23/09/2021,8:30:21
20AD033,P,23/09/2021,8:30:21
20AD034,P,23/09/2021,8:30:21
20AD035,P,23/09/2021,8:30:21
20AD036,P,23/09/2021,8:30:21
20AD037,P,23/09/2021,8:30:21
20AD038,P,23/09/2021,8:30:21
20AD039,P,23/09/2021,8:30:21
20AD040,P,23/09/2021,8:30:21
20AD041,P,23/09/2021,8:30:21
20AD042,P,23/09/2021,8:30:21
20AD043,P,23/09/2021,8:30:21
20AD044,P,23/09/2021,8:30:21
20AD045,P,23/09/2021,8:30:21
20AD046,P,23/09/2021,8:30:21
20AD047,P,23/09/2021,8:30:21
20AD048,P,23/09/2021,8:30:21
20AD049,P,23/09/2021,8:30:21
20AD050,P,23/09/2021,8:30:21
20AD051,P,23/09/2021,8:30:21
20AD052,P,23/09/2021,8:30:21
20AD053,P,23/09/2021,8:30:21
20AD054,P,23/09/2021,8:30:21
20AD055,P,23/09/2021,8:30:21
20AD056,A,23/09/2021,8:30:21
20AD057,P,23/09/2021,8:30:21
20AD058,P,23/09/2021,8:30:21
20AD059,P,23/09/2021,8:30:21
20AD060,P,23/09/2021,8:30:21
20AD061,P,23/09/2021,8:30:21
20AD062,P,23/09/2021,8:30:21
20AD063,P,23/09/2021,8:30:21
20AD064,P,23/09/2021,8:30:21
20AD065,P,23/09/2021,8:30:21
20AD001,P,24/09/2021,8:30:21
20AD002,P,24/09/2021,8:30:21
20AD003,P,24/09/2021,8:30:21
20AD004,P,24/09/2021,8:30:21
20AD005,P,24/09/2021,8:30:21
20AD006,P,24/09/2021,8:30:21
20AD007,P,24/09/2021,8:30:21
20AD008,P,24/09/2021,8:30:21
20AD009,P,24/09/2021,8:30:21
20AD010,P,24/09/2021,8:30:21
20AD011,P,24/09/2021,8:30:21
20AD012,P,24/09/2021,8:30:21
20AD013,P,24/09/2021,8:30:21
20AD014,P,24/09/2021,8:30:21
20AD015,P,24/09/2021,8:30:21
20AD016,P,24/09/2021,8:30:21
20AD017,P,24/09/2021,8:30:21
20AD018,P,24/09/2021,8:30:21
20AD019,P,24/09/2021,8:30:21
20AD020,P,24/09/2021,8:30:21
20AD021,P,24/09/2021,8:30:21
20AD022,P,24/09/2021,8:30:21
20AD023,P,24/09/2021,8:30:21
20AD024,P,24/09/2021,8:30:21
20AD025,P,24/09/2021,8:30:21
20AD026,P,24/09/2021,8:30:21
20AD027,P,24/09/2021,8:30:21
20AD028,P,24/09/2021,8:30:21
20AD029,P,24/09/2021,8:30:21
20AD030,P,24/09/2021,8:30:21
20AD031,P,24/09/2021,8:30:21
20AD032,P,24/09/2021,8:30:21
20AD033,P,24/09/2021,8:30:21
20AD034,A,24/09/2021,8:30:21
20AD035,P,24/09/2021,8:30:21
20AD036,P,24/09/2021,8:30:21
20AD037,P,24/09/2021,8:30:21
20AD038,P,24/09/2021,8:30:21
20AD039,P,24/09/2021,8:30:21
20AD040,P,24/09/2021,8:30:21
20AD041,P,24/09/2021,8:30:21
20AD042,P,24/09/2021,8:30:21
20AD043,P,24/09/2021,8:30:21
20AD044,P,24/09/2021,8:30:21
20AD045,P,24/09/2021,8:30:21
20AD046,P,24/09/2021,8:30:21
20AD047,P,24/09/2021,8:30:21
20AD048,P,24/09/2021,8:30:21
20AD049,P,24/09/2021,8:30:21
20AD050,P,24/09/2021,8:30:21
20AD051,P,24/09/2021,8:30:21
20AD052,P,24/09/2021,8:30:21
20AD053,P,24/09/2021,8:30:21
20AD054,P,24/09/2021,8:30:21
20AD055,P,24/09/2021,8:30:21
20AD056,P,24/09/2021,8:30:21
20AD057,P,24/09/2021,8:30:21
20AD058,P,24/09/2021,8:30:21
20AD059,P,24/09/2021,8:30:21
20AD060,P,24/09/2021,8:30:21
20AD061,P,24/09/2021,8:30:21
20AD062,P,24/09/2021,8:30:21
20AD063,P,24/09/2021,8:30:21
20AD064,P,24/09/2021,8:30:21
20AD065,P,24/09/2021,8:30:21
20AD001,P,25/09/2021,8:30:21
20AD002,P,25/09/2021,8:30:21
20AD003,P,25/09/2021,8:30:21
20AD004,P,25/09/2021,8:30:21
20AD005,P,25/09/2021,8:30:21
20AD006,P,25/09/2021,8:30:21
20AD007,P,25/09/2021,8:30:21
20AD008,P,25/09/2021,8:30:21
20AD009,P,25/09/2021,8:30:21
20AD010,P,25/09/2021,8:30:21
20AD011,P,25/09/2021,8:30:21
20AD012,A,25/09/2021,8:30:21
20AD013,P,25/09/2021,8:30:21
20AD014,P,25/09/2021,8:30:21
20AD015,P,25/09/2021,8:30:21
20AD016,P,25/09/2021,8:30:21
20AD017,P,25/09/2021,8:30:21
20AD018,P,25/09/2021,8:30:21
20AD019,P,25/09/2021,8:30:21
20AD020,P,25/09/2021,8:30:21
20AD021,P,25/09/2021,8:30:21
20AD022,P,25/09/2021,8:30:21
20AD023,P,25/09/2021,8:30:21
20AD024,P,25/09/2021,8:30:21
20AD025,P,25/09/2021,8:30:21
20AD026,P,25/09/2021,8:30:21
20AD027,P,25/09/2021,8:30:21
20AD028,P,25/09/2021,8:30:21
20AD029,P,25/09/2021,8:30:21
20AD030,P,25/09/2021,8:30:21
20AD031,P,25/09/2021,8:30:21
20AD032,P,25/09/2021,8:30:21
20AD033,P,25/09/2021,8:30:21
20AD034,P,25/09/2021,8:30:21
20AD035,P,25/09/2021,8:30:21
20AD036,P,25/09/2021,8:30:21
20AD037,P,25/09/2021,8:30:21
20AD038,P,25/09/2021,8:30:21
20AD039,P,25/09/2021,8:30:21
20AD040,P,25/09/2021,8:30:21
20AD041,P,25/09/2021,8:30:21
20AD042,P,25/09/2021,8:30:21
20AD043,P,25/09/2021,8:30:21
20AD044,P,25/09/2021,8:30:21
20AD045,P,25/09/2021,8:30:21
20AD046,P,25/09/2021,8:30:21
20AD047,A,25/09/2021,8:30:21
20AD048,P,25/09/2021,8:30:21
20AD049,P,25/09/2021,8:30:21
20AD050,P,25/09/2021,8:30:21
20AD051,P,25/09/2021,8:30:21
20AD052,P,25/09/2021,8:30:21
20AD053,P,25/09/2021,8:30:21
20AD054,P,25/09/2021,8:30:21
20AD055,P,25/09/2021,8:30:21
20AD056,P,25/09/2021,8:30:21
20AD057,P,25/09/2021,8:30:21
20AD058,P,25/09/2021,8:30:21
20AD059,P,25/09/2021,8:30:21
20AD060,P,25/09/2021,8:30:21
20AD061,P,25/09/2021,8:30:21
20AD062,P,25/09/2021,8:30:21
20AD063,P,25/09/2021,8:30:21
20AD064,P,25/09/2021,8:30:21
20AD065,P,25/09/2021,8:30:21
20AD001,P,26/09/2021,8:30:21
20AD002,P,26/09/2021,8:30:21
20AD003,P,26/09/2021,8:30:21
20AD004,P,26/09/2021,8:30:21
20AD005,P,26/09/2021,8:30:21
20AD006,P,26/09/2021,8:30:21
20AD007,P,26/09/2021,8:30:21
20AD008,P,26/09/2021,8:30:21
20AD009,P,26/09/2021,8:30:21
20AD010,P,26/09/2021,8:30:21
20AD011,P,26/09/2021,8:30:21
20AD012,P,26/09/2021,8:30:21
20AD013,P,26/09/2021,8:30:21
20AD014,P,26/09/2021,8:30:21
20AD015,P,26/09/2021,8:30:21
20AD016,P,26/09/2021,8:30:21
20AD017,A,26/09/2021,8:30:21
20AD018,P,26/09/2021,8:30:21
20AD019,P,26/09/2021,8:30:21
20AD020,P,26/09/2021,8:30:21
20AD021,P,26/09/2021,8:30:21
20AD022,P,26/09/2021,8:30:21
20AD023,P,26/09/2021,8:30:21
20AD024,P,26/09/2021,8:30:21
20AD025,P,26/09/2021,8:30:21
20AD026,P,26/09/2021,8:30:21
20AD027,P,26/09/2021,8:30:21
20AD028,P,26/09/2021,8:30:21
20AD029,P,26/09/2021,8:30:21
20AD030,P,26/09/2021,8:30:21
20AD031,P,26/09/2021,8:30:21
20AD032,P,26/09/2021,8:30:21
20AD033,P,26/09/2021,8:30:21
20AD034,P,26/09/2021,8:30:21
20AD035,P,26/09/2021,8:30:21
20AD036,P,26/09/2021,8:30:21
20AD037,P,26/09/2021,8:30:21
20AD038,P,26/09/2021,8:30:21
20AD039,P,26/09/2021,8:30:21
20AD040,P,26/09/2021,8:30:21
20AD041,P,26/09/2021,8:30:21
20AD042,P,26/09/2021,8:30:21
20AD043,P,26/09/2021,8:30:21
20AD044,P,26/09/2021,8:30:21
20AD045,P,26/09/2021,8:30:21
20AD046,P,26/09/2021,8:30:21
20AD047,P,26/09/2021,8:30:21
20AD048,P,26/09/2021,8:30:21
20AD049,P,26/09/2021,8:30:21
20AD050,P,26/09/2021,8:30:21
20AD051,P,26/09/2021,8:30:21
20AD052,P,26/09/2021,8:30:21
20AD053,P,26/09/2021,8:30:21
20AD054,P,26/09/2021,8:30:21
20AD055,P,26/09/2021,8:30:21
20AD056,P,26/09/2021,8:30:21
20AD057,P,26/09/2021,8:30:21
20AD058,P,26/09/2021,8:30:21
20AD059,P,26/09/2021,8:30:21
20AD060,A,26/09/2021,8:30:21
20AD061,P,26/09/2021,8:30:21
20AD062,P,26/09/2021,8:30:21
20AD063,P,26/09/2021,8:30:21
20AD064,P,26/09/2021,8:30:21
20AD065,P,26/09/2021,8:30:21
20AD001,P,27/09/2021,8:30:21
20AD002,P,27/09/2021,8:30:21
20AD003,P,27/09/2021,8:30:21
20AD004,P,27/09/2021,8:30:21
20AD005,P,27/09/2021,8:30:21
20AD006,P,27/09/2021,8:30:21
20AD007,P,27/09/2021,8:30:21
20AD008,P,27/09/2021,8:30:21
20AD009,P,27/09/2021,8:30:21
20AD010,P,27/09/2021,8:30:21
20AD011,P,27/09/2021,8:30:21
20AD012,P,27/09/2021,8:30:21
20AD013,P,27/09/2021,8:30:21
20AD014,P,27/09/2021,8:30:21
20AD015,P,27/09/2021,8:30:21
20AD016,P,27/09/2021,8:30:21
20AD017,P,27/09/2021,8:30:21
20AD018,P,27/09/2021,8:30:21
20AD019,P,27/09/2021,8:30:21
20AD020,P,27/09/2021,8:30:21
20AD021,P,27/09/2021,8:30:21
20AD022,P,27/09/2021,8:30:21
20AD023,P,27/09/2021,8:30:21
20AD024,P,27/09/2021,8:30:21
20AD025,P,27/09/2021,8:30:21
20AD026,P,27/09/2021,8:30:21
20AD027,P,27/09/2021,8:30:21
20AD028,P,27/09/2021,8:30:21
20AD029,P,27/09/2021,8:30:21
20AD030,P,27/09/2021,8:30:21
20AD031,P,27/09/2021,8:30:21
20AD032,P,27/09/2021,8:30:21
20AD033,P,27/09/2021,8:30:21
20AD034,P,27/09/2021,8:30:21
20AD035,P,27/09/2021,8:30:21
20AD036,P,27/09/2021,8:30:21
20AD037,P,27/09/2021,8:30:21
20AD038,A,27/09/2021,8:30:21
20AD039,P,27/09/2021,8:30:21
20AD040,P,27/09/2021,8:30:21
20AD041,P,27/09/2021,8:30:21
20AD042,P,27/09/2021,8:30:21
20AD043,P,27/09/2021,8:30:21
20AD044,P,27/09/2021,8:30:21
20AD045,P,27/09/2021,8:30:21
20AD046,P,27/09/2021,8:30:21
20AD047,P,27/09/2021,8:30:21
20AD048,P,27/09/2021,8:30:21
20AD049,P,27/09/2021,8:30:21
20AD050,P,27/09/2021,8:30:21
20AD051,P,27/09/2021,8:30:21
20AD052,P,27/09/2021,8:30:21
20AD053,P,27/09/2021,8:30:21
20AD054,P,27/09/2021,8:30:21
20AD055,P,27/09/2021,8:30:21
20AD056,P,27/09/2021,8:30:21
20AD057,P,27/09/2021,8:30:21
20AD058,P,27/09/2021,8:30:21
20AD059,P,27/09/2021,8:30:21
20AD060,P,27/09/2021,8:30:21
20AD061,P,27/09/2021,8:30:21
20AD062,P,27/09/2021,8:30:21
20AD063,P,27/09/2021,8:30:21
20AD064,P,27/09/2021,8:30:21
20AD065,P,27/09/2021,8:30:21
20AD001,P,28/09/2021,8:30:21
20AD002,P,28/09/2021,8:30:21
20AD003,P,28/09/2021,8:30:21
20AD004,P,28/09/2021,8:30:21
20AD005,P,28/09/2021,8:30:21
20AD006,P,28/09/2021,8:30:21
20AD007,P,28/09/2021,8:30:21
20AD008,P,28/09/2021,8:30:21
20AD009,P,28/09/2021,8:30:21
20AD010,P,28/09/2021,8:30:21
20AD011,P,28/09/2021,8:30:21
20AD012,P,28/09/2021,8:30:21
20AD013,P,28/09/2021,8:30:21
20AD014,P,28/09/2021,8:30:21
20AD015,P,28/09/2021,8:30:21
20AD016,P,28/09/2021,8:30:21
20AD017,P,28/09/2021,8:30:21
20AD018,P,28/09/2021,8:30:21
20AD019,P,28/09/2021,8:30:21
20AD020,P,28/09/2021,8:30:21
20AD021,P,28/09/2021,8:30:21
20AD022,P,28/09/2021,8:30:21
20AD023,P,28/09/2021,8:30:21
20AD024,A,28/09/2021,8:30:21
20AD025,P,28/09/2021,8:30:21
20AD026,P,28/09/2021,8:30:21
20AD027,P,28/09/2021,8:30:21
20AD028,P,28/09/2021,8:30:21
20AD029,P,28/09/2021,8:30:21
20AD030,P,28/09/2021,8:30:21
20AD031,P,28/09/2021,8:30:21
20AD032,P,28/09/2021,8:30:21
20AD033,P,28/09/2021,8:30:21
20AD034,P,28/09/2021,8:30:21
20AD035,P,28/09/2021,8:30:21
20AD036,P,28/09/2021,8:30:21
20AD037,P,28/09/2021,8:30:21
20AD038,P,28/09/2021,8:30:21
20AD039,P,28/09/2021,8:30:21
20AD040,P,28/09/2021,8:30:21
20AD041,P,28/09/2021,8:30:21
20AD042,P,28/09/2021,8:30:21
20AD043,P,28/09/2021,8:30:21
20AD044,P,28/09/2021,8:30:21
20AD045,P,28/09/2021,8:30:21
20AD046,P,28/09/2021,8:30:21
20AD047,P,28/09/2021,8:30:21
20AD048,P,28/09/2021,8:30:21
20AD049,P,28/09/2021,8:30:21
20AD050,P,28/09/2021,8:30:21
20AD051,P,28/09/2021,8:30:21
20AD052,P,28/09/2021,8:30:21
20AD053,P,28/09/2021,8:30:21
20AD054,P,28/09/2021,8:30:21
20AD055,P,28/09/2021,8:30:21
20AD056,P,28/09/2021,8:30:21
20AD057,P,28/09/2021,8:30:21
20AD058,P,28/09/2021,8:30:21
20AD059,A,28/09/2021,8:30:21
20AD060,P,28/09/2021,8:30:21
20AD061,P,28/09/2021,8:30:21
20AD062,P,28/09/2021,8:30:21
20AD063,P,28/09/2021,8:30:21
20AD064,P,28/09/2021,8:30:21
20AD065,P,28/09/2021,8:30:21
20AD001,P,29/09/2021,8:30:21
20AD002,P,29/09/2021,8:30:21
20AD003,P,29/09/2021,8:30:21
20AD004,P,29/09/2021,8:30:21
20AD005,P,29/09/2021,8:30:21
20AD006,P,29/09/2021,8:30:21
20AD007,P,29/09/2021,8:30:21
20AD008,P,29/09/2021,8:30:21
20AD009,P,29/09/2021,8:30:21
20AD010,P,29/09/2021,8:30:21
20AD011,P,29/09/2021,8:30:21
20AD012,P,29/09/2021,8:30:21
20AD013,P,29/09/2021,8:30:21
20AD014,P,29/09/2021,8:30:21
20AD015,P,29/09/2021,8:30:21
20AD016,P,29/09/2021,8:30:21
20AD017,P,29/09/2021,8:30:21
20AD018,P,29/09/2021,8:30:21
20AD019,P,29/09/2021,8:30:21
20AD020,P,29/09/2021,8:30:21
20AD021,P,29/09/2021,8:30:21
20AD022,P,29/09/2021,8:30:21
20AD023,P,29/09/2021,8:30:21
20AD024,P,29/09/2021,8:30:21
20AD025,P,29/09/2021,8:30:21
20AD026,P,29/09/2021,8:30:21
20AD027,P,29/09/2021,8:30:21
20AD028,P,29/09/2021,8:30:21
20AD029,A,29/09/2021,8:30:21
20AD030,P,29/09/2021,8:30:21
20AD031,P,29/09/2021,8:30:21
20AD032,P,29/09/2021,8:30:21
20AD033,P,29/09/2021,8:30:21
20AD034,P,29/09/2021,8:30:21
20AD035,P,29/09/2021,8:30:21
20AD036,P,29/09/2021,8:30:21
20AD037,P,29/09/2021,8:30:21
20AD038,P,29/09/2021,8:30:21
20AD039,P,29/09/2021,8:30:21
20AD040,P,29/09/2021,8:30:21
20AD041,P,29/09/2021,8:30:21
20AD042,P,29/09/2021,8:30:21
20AD043,P,29/09/2021,8:30:21
20AD044,P,29/09/2021,8:30:21
20AD045,P,29/09/2021,8:30:21
20AD046,P,29/09/2021,8:30:21
20AD047,P,29/09/2021,8:30:21
20AD048,P,29/09/2021,8:30:21
20AD049,P,29/09/2021,8:30:21
20AD050,P,29/09/2021,8:30:21
20AD051,P,29/09/2021,8:30:21
20AD052,P,29/09/2021,8:30:21
20AD053,P,29/09/2021,8:30:21
20AD054,P,29/09/2021,8:30:21
20AD055,P,29/09/2021,8:30:21
20AD056,P,29/09/2021,8:30:21
20AD057,P,29/09/2021,8:30:21
20AD058,P,29/09/2021,8:30:21
20AD059,P,29/09/2021,8:30:21
20AD060,P,29/09/2021,8:30:21
20AD061,P,29/09/2021,8:30:21
20AD062,P,29/09/2021,8:30:21
20AD063,P,29/09/2021,8:30:21
20AD064,P,29/09/2021,8:30:21
20AD065,P,29/09/2021,8:30:21
20AD001,P,30/09/2021,8:30:21
20AD002,P,30/09/2021,8:30:21
20AD003,P,30/09/2021,8:30:21
20AD004,P,30/09/2021,8:30:21
20AD005,P,30/09/2021,8:30:21
20AD006,P,30/09/2021,8:30:21
20AD007,A,30/09/2021,8:30:21
20AD008,P,30/09/2021,8:30:21
20AD009,P,30/09/2021,8:30:21
20AD010,P,30/09/2021,8:30:21
20AD011,P,30/09/2021,8:30:21
20AD012,P,30/09/2021,8:30:21
20AD013,P,30/09/2021,8:30:21
20AD014,P,30/09/2021,8:30:21
20AD015,P,30/09/2021,8:30:21
20AD016,P,30/09/2021,8:30:21
20AD017,P,30/09/2021,8:30:21
20AD018,P,30/09/2021,8:30:21
20AD019,P,30/09/2021,8:30:21
20AD020,P,30/09/2021,8:30:21
20AD021,P,30/09/2021,8:30:21
20AD022,P,30/09/2021,8:30:21
20AD023,P,30/09/2021,8:30:21
20AD024,P,30/09/2021,8:30:21
20AD025,P,30/09/2021,8:30:21
20AD026,P,30/09/2021,8:30:21
20AD027,P,30/09/2021,8:30:21
20AD028,P,30/09/2021,8:30:21
20AD029,P,30/09/2021,8:30:21
20AD030,P,30/09/2021,8:30:21
20AD031,P,30/09/2021,8:30:21
20AD032,P,30/09/2021,8:30:21
20AD033,P,30/09/2021,8:30:21
20AD034,P,30/09/2021,8:30:21
20AD035,P,30/09/2021,8:30:21
20AD036,P,30/09/2021,8:30:21
20AD037,P,30/09/2021,8:30:21
20AD038,P,30/09/2021,8:30:21
20AD039,P,30/09/2021,8:30:21
20AD040,P,30/09/2021,8:30:21
20AD041,P,30/09/2021,8:30:21
20AD042,P,30/09/2021,8:30:21
20AD043,P,30/09/2021,8:30:21
20AD044,P,30/09/2021,8:30:21
20AD045,P,30/09/2021,8:30:21
20AD046,P,30/09/2021,8:30:21
20AD047,P,30/09/2021,8:30:21
20AD048,P,30/09/2021,8:30:21
20AD049,P,30/09/2021,8:30:21
20AD050,A,30/09/2021,8:30:21
20AD051,P,30/09/2021,8:30:21
20AD052,P,30/09/2021,8:30:21
20AD053,P,30/09/2021,8:30:21
20AD054,P,30/09/2021,8:30:21
20AD055,P,30/09/2021,8:30:21
20AD056,P,30/09/2021,8:30:21
20AD057,P,30/09/2021,8:30:21
20AD058,P,30/09/2021,8:30:21
20AD059,P,30/09/2021,8:30:21
20AD060,P,30/09/2021,8:30:21
20AD061,P,30/09/2021,8:30:21
20AD062,P,30/09/2021,8:30:21
20AD063,P,30/09/2021,8:30:21
20AD064,P,30/09/2021,8:30:21
20AD065,P,30/09/2021,8:30:21
,,,
,,,
,,,
,,,
,,,
,,,
,,,
,,,
,,,
,,,
,,,
,,,
,,,
,,,
,,,
